toss_winner_is_team1,toss_decision,venue,team1_win_rate,team2_win_rate,win_rate_diff,recent_form_diff,h2h_diff,experience_diff
1,0,51,0.5689655172413793,0.41818181818181815,0.15078369905956118,0,0.7,3
1,0,17,0.4642857142857143,0.5833333333333334,-0.11904761904761907,-1,-0.3,-4
1,0,16,0.5185185185185185,0.4666666666666667,0.051851851851851816,1,0.2,-6
0,0,17,0.47368421052631576,0.509090909090909,-0.035406698564593275,1,0.1,2
1,1,43,0.47368421052631576,0.559322033898305,-0.08563782337198927,-2,0.0,-2
0,1,49,0.5178571428571429,0.42857142857142855,0.08928571428571436,-1,0.0,0
0,0,22,0.5737704918032787,0.5666666666666667,0.0071038251366120075,0,-0.2,1
1,0,26,0.5087719298245614,0.5806451612903226,-0.07187323146576119,-2,-0.1,-5
0,1,26,0.43859649122807015,0.5873015873015873,-0.14870509607351717,-1,-0.3,-6
1,0,14,0.4482758620689655,0.5,-0.051724137931034475,1,0.1,0
0,0,22,0.47540983606557374,0.5573770491803278,-0.08196721311475408,-1,-0.1,0
0,1,16,0.4915254237288136,0.46551724137931033,0.02600818234950325,0,0.2,1
0,1,26,0.578125,0.5483870967741935,0.029737903225806495,1,-0.1,2
0,1,40,0.5,0.4838709677419355,0.016129032258064502,-3,0.0,-62
0,0,43,0.4745762711864407,0.4576271186440678,0.01694915254237289,-2,0.0,0
1,1,51,0.5555555555555556,0.48333333333333334,0.07222222222222224,1,0.0,3
0,1,22,0.47619047619047616,1.0,-0.5238095238095238,2,-0.1,62
0,0,38,0.46551724137931033,0.5692307692307692,-0.10371352785145888,0,-0.2,-7
1,0,22,0.484375,0.45,0.03437499999999999,-1,0.0,4
1,1,16,0.47540983606557374,0.5,-0.024590163934426257,-1,0.0,59
1,0,26,0.5757575757575758,0.49230769230769234,0.08344988344988347,-1,0.2,1
1,1,14,0.4426229508196721,0.6666666666666666,-0.2240437158469945,1,0.0,58
1,0,43,0.48333333333333334,0.4576271186440678,0.02570621468926554,2,0.3,1
0,0,38,0.45,0.45161290322580644,-0.001612903225806428,-2,-0.1,-2
1,0,22,0.48484848484848486,0.46774193548387094,0.01710654936461392,3,-0.1,4
1,1,43,0.4918032786885246,0.5625,-0.07069672131147542,0,-0.1,-3
0,1,16,0.4603174603174603,0.582089552238806,-0.1217720919213457,-3,-0.2,-4
0,1,40,0.5,0.45901639344262296,0.04098360655737704,0,0.0,-57
1,1,14,0.4444444444444444,0.5882352941176471,-0.14379084967320266,-1,-0.2,-5
1,0,22,0.4925373134328358,0.5,-0.007462686567164201,-1,0.1,5
0,1,16,0.453125,0.5538461538461539,-0.10072115384615388,-2,-0.1,-1
0,1,26,0.5942028985507246,0.49206349206349204,0.10213940648723258,0,0.3,6
0,0,16,0.46153846153846156,0.45161290322580644,0.009925558312655125,0,0.0,3
1,1,14,0.4375,0.5454545454545454,-0.10795454545454541,-1,-0.6,-2
0,1,26,0.6,0.6,0.0,2,0.0,65
0,1,14,0.4307692307692308,0.4603174603174603,-0.0295482295482295,-1,0.0,2
0,1,43,0.484375,0.5,-0.015625,1,0.0,58
1,1,51,0.5522388059701493,0.5,0.052238805970149294,-1,0.0,-1
0,0,26,0.6056338028169014,0.4393939393939394,0.166239863422962,3,0.3,5
1,0,43,0.49230769230769234,0.4927536231884058,-0.0004459308807134854,0,-0.2,-4
1,1,51,0.5588235294117647,0.453125,0.10569852941176472,1,-0.2,4
0,1,40,0.42857142857142855,0.5652173913043478,-0.13664596273291924,-1,0.0,-62
0,1,45,0.45454545454545453,0.43283582089552236,0.02170963364993217,0,-0.2,-1
1,1,26,0.6111111111111112,0.4461538461538462,0.16495726495726498,3,0.3,7
0,1,14,0.4264705882352941,0.5,-0.0735294117647059,-2,-0.1,2
0,1,40,0.5,0.4626865671641791,0.03731343283582089,0,0.1,-59
1,1,51,0.5571428571428572,0.6164383561643836,-0.05929549902152642,-2,0.2,-3
1,0,38,0.4393939393939394,0.4857142857142857,-0.04632034632034632,-1,0.0,-4
0,1,43,0.4925373134328358,0.45588235294117646,0.03665496049165934,0,-0.1,-1
1,1,51,0.5633802816901409,0.43478260869565216,0.1285976729944887,2,0.7,2
1,0,40,0.5555555555555556,0.6081081081081081,-0.052552552552552534,-1,-0.1,-65
0,0,38,0.44776119402985076,0.5,-0.05223880597014924,-1,-0.4,-1
1,0,16,0.4492753623188406,0.4788732394366197,-0.029597877117779114,0,0.0,-2
1,0,38,0.4411764705882353,0.5,-0.05882352941176472,-1,-0.1,58
1,0,20,0.42857142857142855,0.4861111111111111,-0.05753968253968256,0,-0.1,-2
1,0,43,0.5072463768115942,0.6133333333333333,-0.10608695652173905,0,-0.4,-6
0,1,51,0.5694444444444444,0.5454545454545454,0.023989898989899006,1,-0.1,61
0,0,22,0.4794520547945205,0.43478260869565216,0.04466944609886836,0,-0.1,4
1,1,26,0.6052631578947368,0.44285714285714284,0.162406015037594,2,0.3,6
0,0,51,0.5753424657534246,0.5142857142857142,0.06105675146771039,0,0.0,3
0,0,17,0.44285714285714284,0.43661971830985913,0.00623742454728371,1,0.1,-1
1,1,40,0.5,0.5070422535211268,-0.007042253521126751,0,-0.1,-59
0,0,17,0.4507042253521127,0.581081081081081,-0.13037685572896834,-1,0.1,-3
0,0,22,0.47297297297297297,0.6103896103896104,-0.1374166374166374,-2,-0.3,-3
0,1,40,0.5384615384615384,0.43661971830985913,0.10184182015167931,1,-0.1,-58
1,1,16,0.6025641025641025,0.5733333333333334,0.02923076923076917,-2,-0.3,3
0,1,16,0.5,0.5714285714285714,-0.0714285714285714,0,0.0,58
0,1,14,0.5657894736842105,0.5068493150684932,0.05894015861571733,0,0.1,3
0,1,14,0.6075949367088608,0.5714285714285714,0.03616636528028938,0,-0.2,2
0,1,47,0.5769230769230769,0.4305555555555556,0.1463675213675213,1,0.8,6
0,0,46,0.4305555555555556,0.48,-0.0494444444444444,-2,-0.1,-3
1,1,47,0.6,0.4583333333333333,0.14166666666666666,-1,0.4,8
0,0,47,0.5333333333333333,0.5,0.033333333333333326,1,-0.1,-59
1,0,13,0.4868421052631579,0.569620253164557,-0.08277814790139909,1,-0.1,-3
1,1,13,0.4383561643835616,0.4246575342465753,0.0136986301369863,3,0.1,0
0,0,46,0.5066666666666667,0.4657534246575342,0.04091324200913249,-2,0.5,2
1,1,47,0.5925925925925926,0.43243243243243246,0.1601601601601601,1,0.4,7
0,0,46,0.47297297297297297,0.5,-0.02702702702702703,3,-0.2,58
1,0,13,0.5,0.5975609756097561,-0.09756097560975607,0,-0.3,-6
1,0,46,0.4935064935064935,0.43243243243243246,0.06107406107406105,1,0.0,3
1,1,13,0.47058823529411764,0.4266666666666667,0.043921568627450946,1,0.2,-58
0,1,13,0.6024096385542169,0.5625,0.03990963855421692,1,-0.3,3
1,0,47,0.4935064935064935,0.48717948717948717,0.006327006327006335,-1,-0.1,-1
1,0,47,0.44,0.48,-0.03999999999999998,-2,0.1,0
0,1,46,0.42105263157894735,0.5555555555555556,-0.13450292397660824,-1,0.0,-5
1,1,46,0.5,0.6071428571428571,-0.1071428571428571,-1,-0.2,-66
1,0,13,0.4868421052631579,0.4810126582278481,0.005829447035309798,2,0.2,-3
0,1,47,0.4342105263157895,0.5,-0.06578947368421051,0,0.0,-2
1,0,13,0.5487804878048781,0.47368421052631576,0.07509627727856233,0,0.0,63
1,1,20,0.611764705882353,0.42857142857142855,0.18319327731092444,2,0.4,8
0,1,51,0.5421686746987951,0.4935064935064935,0.048662181192301646,-5,-0.2,6
0,0,16,0.42857142857142855,0.5063291139240507,-0.07775768535262212,-1,0.0,-2
1,0,22,0.475,0.5,-0.025000000000000022,0,0.0,60
0,0,42,0.5125,0.4230769230769231,0.08942307692307688,2,0.1,2
0,0,16,0.4230769230769231,0.6162790697674418,-0.19320214669051877,-3,-0.5,-8
0,0,51,0.5476190476190477,0.48148148148148145,0.06613756613756622,-1,0.0,3
1,1,16,0.4177215189873418,0.4177215189873418,0.0,0,0.0,0
0,0,2,0.48717948717948717,0.6206896551724138,-0.13351016799292664,-1,-0.3,-9
1,0,42,0.5185185185185185,0.47619047619047616,0.042328042328042326,2,0.2,60
1,0,22,0.47560975609756095,0.4936708860759494,-0.018061129978388435,-3,-0.3,3
0,0,16,0.4125,0.5,-0.08750000000000002,-2,-0.3,58
0,0,51,0.5529411764705883,0.6136363636363636,-0.06069518716577538,-2,0.2,-3
0,0,2,0.5,0.425,0.07500000000000001,3,0.0,0
1,1,22,0.46987951807228917,0.5121951219512195,-0.04231560387893035,-3,0.0,1
1,1,40,0.5217391304347826,0.5465116279069767,-0.02477249747219412,1,0.1,-63
0,1,20,0.6179775280898876,0.5180722891566265,0.09990523893326109,0,0.4,6
0,0,22,0.4642857142857143,0.4074074074074074,0.05687830687830692,0,0.2,3
0,0,40,0.5,0.49382716049382713,0.006172839506172867,0,0.1,-57
1,0,2,0.43209876543209874,0.5517241379310345,-0.11962537249893573,-1,-0.7,-6
0,0,42,0.5119047619047619,0.4024390243902439,0.10946573751451794,3,0.1,2
1,1,20,0.6222222222222222,0.47058823529411764,0.1516339869281046,2,0.2,5
1,1,40,0.48,0.43902439024390244,0.04097560975609754,-1,0.0,-57
0,1,42,0.5176470588235295,0.5454545454545454,-0.027807486631015954,0,-0.2,-3
0,0,16,0.39759036144578314,0.5,-0.10240963855421686,-3,-0.2,1
0,1,40,0.46153846153846156,0.47674418604651164,-0.015205724508050078,0,-0.1,-60
1,0,14,0.4457831325301205,0.6153846153846154,-0.16960148285449494,1,-0.5,-8
0,0,38,0.5060240963855421,0.550561797752809,-0.04453770136726687,1,0.1,-6
0,0,14,0.4523809523809524,0.47126436781609193,-0.01888341543513955,3,0.1,-3
0,0,20,0.6086956521739131,0.48148148148148145,0.12721417069243163,0,0.3,65
0,0,51,0.5555555555555556,0.39285714285714285,0.16269841269841273,3,-0.1,6
0,0,38,0.5,0.5116279069767442,-0.011627906976744207,1,-0.4,-2
0,0,22,0.4659090909090909,0.6021505376344086,-0.13624144672531774,0,-0.1,-5
1,0,14,0.4588235294117647,0.5,-0.041176470588235314,3,0.1,57
1,0,38,0.5058823529411764,0.38823529411764707,0.11764705882352938,3,0.3,0
1,0,51,0.5604395604395604,0.5057471264367817,0.05469243400277879,2,0.3,4
1,0,14,0.5116279069767442,0.46511627906976744,0.04651162790697677,-1,-0.1,0
1,0,5,0.6063829787234043,0.5652173913043478,0.041165587419056515,-2,-0.1,2
1,0,51,0.6105263157894737,0.5057471264367817,0.10477918935269204,-1,0.2,8
1,0,22,0.47126436781609193,0.5113636363636364,-0.04009926854754442,2,0.2,-1
1,0,14,0.4772727272727273,0.5591397849462365,-0.08186705767350921,1,-0.6,-5
0,0,26,0.6041666666666666,0.38372093023255816,0.22044573643410847,2,0.6,10
1,0,29,0.5056179775280899,0.5,0.005617977528089901,2,-0.3,1
1,1,26,0.6082474226804123,0.4827586206896552,0.12548880199075713,1,0.2,68
0,0,14,0.48314606741573035,0.4606741573033708,0.02247191011235955,3,0.2,0
0,0,16,0.3793103448275862,0.5056179775280899,-0.1263076327005037,-2,-0.2,-2
1,0,51,0.5531914893617021,0.5,0.05319148936170215,1,0.0,4
0,0,22,0.4666666666666667,0.4666666666666667,0.0,0,0.0,60
0,1,42,0.5111111111111111,0.5473684210526316,-0.036257309941520544,0,-0.4,-5
1,1,29,0.5054945054945055,0.375,0.13049450549450547,2,0.4,3
0,0,11,0.4838709677419355,0.5164835164835165,-0.03261254874158104,0,-0.1,-60
1,1,51,0.5416666666666666,0.6122448979591837,-0.07057823129251706,-3,0.0,-2
0,1,11,0.46875,0.38202247191011235,0.08672752808988765,1,0.4,-57
0,0,29,0.5,0.4777777777777778,0.0222222222222222,-2,-0.3,2
0,1,42,0.5217391304347826,0.6161616161616161,-0.09442248572683354,0,-0.5,-7
1,0,22,0.46153846153846156,0.5360824742268041,-0.07454401268834254,1,-0.1,-6
0,0,16,0.3888888888888889,0.4835164835164835,-0.09462759462759462,-2,-0.1,-1
0,0,42,0.5268817204301075,0.4946236559139785,0.032258064516129004,4,0.4,0
0,0,11,0.45454545454545453,0.4891304347826087,-0.03458498023715417,-3,-0.2,-59
1,0,22,0.45652173913043476,0.61,-0.15347826086956523,-2,-0.2,-8
0,0,16,0.38461538461538464,0.5408163265306123,-0.15620094191522765,1,0.0,-7
0,0,42,0.5212765957446809,0.45161290322580644,0.06966369251887444,3,0.1,1
1,1,51,0.5353535353535354,0.47058823529411764,0.06476530005941772,-1,0.0,65
1,1,26,0.6138613861386139,0.5,0.11386138613861385,2,0.1,7
0,0,16,0.391304347826087,0.4574468085106383,-0.06614246068455132,1,-0.3,-2
1,0,38,0.49473684210526314,0.45714285714285713,0.03759398496240601,0,0.0,60
0,0,26,0.6176470588235294,0.4838709677419355,0.13377609108159394,1,0.4,9
1,0,14,0.4787234042553192,0.6213592233009708,-0.14263581904565165,-2,-0.5,-9
1,0,16,0.3870967741935484,0.4895833333333333,-0.10248655913978494,2,-0.3,-3
0,0,51,0.54,0.5157894736842106,0.02421052631578946,-1,0.3,5
1,0,22,0.4631578947368421,0.4842105263157895,-0.02105263157894738,-1,-0.1,0
0,0,40,0.4722222222222222,0.6153846153846154,-0.1431623931623932,-1,-0.3,-68
0,1,38,0.4845360824742268,0.5445544554455446,-0.06001837297131779,-2,0.1,-4
0,0,5,0.5104166666666666,0.39361702127659576,0.11679964539007087,-1,0.3,2
1,1,26,0.6095238095238096,0.46875,0.14077380952380958,0,0.3,9
0,0,14,0.4791666666666667,0.4864864864864865,-0.007319819819819828,-1,0.1,59
0,1,51,0.5490196078431373,0.3894736842105263,0.159545923632611,2,-0.1,7
0,0,22,0.4639175257731959,0.47959183673469385,-0.01567431096149796,2,-0.4,-1
1,1,14,0.4845360824742268,0.3854166666666667,0.09911941580756012,0,0.2,1
1,0,5,0.5154639175257731,0.47368421052631576,0.04177970699945738,-1,0.2,59
1,1,26,0.6132075471698113,0.5533980582524272,0.059809488917384135,-1,0.1,3
0,1,14,0.4897959183673469,0.47474747474747475,0.015048443619872176,3,0.4,-1
0,1,45,0.38144329896907214,0.48717948717948717,-0.10573618821041503,-2,-0.3,58
0,1,51,0.5576923076923077,0.46938775510204084,0.08830455259026687,1,0.2,6
1,1,26,0.6074766355140186,0.5102040816326531,0.09727255388136558,1,0.4,9
1,1,40,0.5,0.47,0.030000000000000027,4,0.1,-60
0,1,45,0.37755102040816324,0.6111111111111112,-0.23356009070294792,-1,-0.7,-10
0,0,38,0.46534653465346537,0.47474747474747475,-0.00940094009400938,-4,0.3,2
0,0,51,0.5523809523809524,0.494949494949495,0.057431457431457444,0,0.5,6
1,1,40,0.5121951219512195,0.47,0.04219512195121955,1,0.1,-59
1,1,38,0.47058823529411764,0.6055045871559633,-0.1349163518618457,-1,-0.2,-7
1,1,5,0.5050505050505051,0.49,0.015050505050505092,-2,0.2,-1
1,1,40,0.5,0.5566037735849056,-0.05660377358490565,-1,-0.1,-64
0,1,51,0.6090909090909091,0.5607476635514018,0.04834324553950731,-1,0.0,3
1,1,29,0.4752475247524752,0.51,-0.03475247524752478,1,0.0,1
1,0,20,0.6036036036036037,0.4803921568627451,0.12321144674085854,-2,0.4,9
0,0,14,0.5648148148148148,0.6071428571428571,-0.042328042328042326,1,0.1,-4
1,0,14,0.48514851485148514,0.3838383838383838,0.10131013101310132,2,0.3,2
0,0,22,0.47572815533980584,0.4883720930232558,-0.012643937683449957,0,0.0,60
0,0,14,0.49019607843137253,0.5688073394495413,-0.07861126101816879,-1,-0.6,-7
1,0,16,0.38,0.46601941747572817,-0.08601941747572817,0,-0.2,-3
1,1,40,0.4772727272727273,0.4854368932038835,-0.008164165931156209,0,-0.2,-59
0,0,22,0.4807692307692308,0.38613861386138615,0.09463061690784463,1,0.4,3
1,0,40,0.4666666666666667,0.5727272727272728,-0.10606060606060608,-4,-0.2,-65
0,0,36,0.46153846153846156,0.49038461538461536,-0.0288461538461538,-1,-0.5,0
1,0,51,0.5675675675675675,0.47619047619047616,0.09137709137709138,1,0.1,6
0,0,16,0.39215686274509803,0.5714285714285714,-0.17927170868347336,-1,0.0,-10
1,0,40,0.4782608695652174,0.45714285714285713,0.021118012422360277,0,0.2,-59
1,0,36,0.4528301886792453,0.5663716814159292,-0.1135414927366839,-2,0.0,-7
1,0,51,0.5701754385964912,0.49523809523809526,0.07493734335839597,0,0.7,9
0,0,16,0.39805825242718446,0.49056603773584906,-0.0925077853086646,1,-0.4,-3
0,0,40,0.48936170212765956,0.4716981132075472,0.017663588920112383,0,-0.1,-59
0,0,22,0.4672897196261682,0.48598130841121495,-0.01869158878504673,-1,0.0,0
0,0,14,0.49074074074074076,0.4485981308411215,0.042142609899619266,3,0.6,1
0,0,36,0.4444444444444444,0.40384615384615385,0.040598290598290565,-4,0.1,4
1,0,11,0.5739130434782609,0.5,0.07391304347826089,0,0.1,67
1,0,36,0.44954128440366975,0.46296296296296297,-0.013421678559293215,0,0.4,1
0,0,22,0.46788990825688076,0.5689655172413793,-0.10107560898449858,-2,-0.2,-7
0,0,40,0.5102040816326531,0.4,0.11020408163265305,0,0.4,-56
1,1,11,0.5726495726495726,0.44545454545454544,0.12719502719502718,2,0.1,7
1,1,36,0.45045045045045046,0.5,-0.04954954954954954,-2,-0.3,61
0,0,11,0.5677966101694916,0.4056603773584906,0.16213623281100098,-1,-0.1,12
0,0,14,0.4954128440366973,0.4636363636363636,0.03177648040033365,2,0.1,-1
0,0,22,0.46846846846846846,0.44642857142857145,0.022039897039897005,0,-0.3,-1
1,0,45,0.40186915887850466,0.5098039215686274,-0.10793476269012275,-1,-0.3,56
0,0,14,0.4909090909090909,0.5,-0.009090909090909094,-1,0.3,58
0,0,45,0.4074074074074074,0.4732142857142857,-0.06580687830687831,0,-0.3,-4
0,0,16,0.49056603773584906,0.4954954954954955,-0.004929457759646427,-1,-0.4,-58
0,1,22,0.4778761061946903,0.5,-0.022123893805309713,2,0.0,59
0,0,40,0.509090909090909,0.47368421052631576,0.035406698564593275,0,0.1,-59
1,1,24,0.46956521739130436,0.4036697247706422,0.06589549262066213,1,0.4,6
1,0,51,0.5714285714285714,0.49107142857142855,0.08035714285714285,0,0.8,7
0,1,19,0.4424778761061947,0.47413793103448276,-0.03166005492828805,-1,0.2,-3
1,0,51,0.575,0.5178571428571429,0.05714285714285705,0,0.0,64
1,0,14,0.48672566371681414,0.4473684210526316,0.03935724266418256,0,0.7,-1
0,0,22,0.4700854700854701,0.5785123966942148,-0.10842692660874476,-2,-0.3,-4
0,0,14,0.49122807017543857,0.5087719298245614,-0.01754385964912286,-1,0.3,57
1,1,16,0.4,0.4434782608695652,-0.04347826086956519,0,-0.2,-5
1,1,16,0.40540540540540543,0.4956521739130435,-0.09024676850763808,-1,-0.3,-4
0,0,40,0.5,0.4396551724137931,0.060344827586206906,2,0.4,-58
1,1,40,0.5084745762711864,0.4017857142857143,0.10668886198547212,1,0.2,-53
0,0,19,0.4358974358974359,0.5819672131147541,-0.14606977721731818,-3,0.0,-5
0,0,51,0.5853658536585366,0.39823008849557523,0.18713576516296132,4,0.0,10
0,0,14,0.5,0.4661016949152542,0.03389830508474578,2,0.0,-2
1,0,14,0.5042735042735043,0.39473684210526316,0.1095366621682411,3,0.4,3
1,0,36,0.4322033898305085,0.5166666666666667,-0.08446327683615823,-2,-0.5,58
1,0,36,0.42857142857142855,0.391304347826087,0.037267080745341574,-1,0.1,4
0,0,40,0.5245901639344263,0.5084745762711864,0.01611558766323984,-2,-0.4,-57
0,1,51,0.5887096774193549,0.46218487394957986,0.12652480346977502,4,0.4,5
1,0,16,0.3879310344827586,0.532258064516129,-0.14432703003337038,-4,-0.3,54
1,0,22,0.4583333333333333,0.43333333333333335,0.024999999999999967,0,-0.3,0
1,0,16,0.39316239316239315,0.592,-0.19883760683760682,-4,-0.1,-8
0,0,22,0.45454545454545453,0.5042016806722689,-0.04965622612681436,-4,-0.1,2
0,1,40,0.5238095238095238,0.5952380952380952,-0.0714285714285714,-1,-0.1,-63
0,0,36,0.4380165289256198,0.5083333333333333,-0.07031680440771348,-2,-0.8,1
1,0,51,0.5905511811023622,0.4426229508196721,0.14792823028269003,1,0.1,5
1,0,14,0.5041322314049587,0.5859375,-0.08180526859504134,0,-0.9,-7
0,1,16,0.3898305084745763,0.45081967213114754,-0.060989163656571255,1,-0.5,-4
0,0,22,0.53125,0.5,0.03125,2,-0.3,-58
1,0,22,0.5891472868217055,0.5040650406504065,0.085082246171299,1,1.0,6
0,0,51,0.5923076923076923,0.6017699115044248,-0.009462219196732513,1,0.2,17
0,0,35,0.3865546218487395,0.44715447154471544,-0.06059984969597593,-3,-0.2,-4
0,0,14,0.45528455284552843,0.5,-0.044715447154471566,-1,-0.2,-1
0,0,39,0.504950495049505,0.5230769230769231,-0.01812642802741815,-1,0.1,36
0,0,25,0.504,0.6052631578947368,-0.10126315789473683,-1,-0.4,11
0,0,43,0.5,0.38333333333333336,0.11666666666666664,0,0.4,-18
0,0,39,0.5877862595419847,0.5303030303030303,0.057483229238954436,-1,0.0,65
0,0,24,0.45161290322580644,0.45161290322580644,0.0,4,0.4,0
0,0,51,0.5833333333333334,0.38016528925619836,0.203168044077135,1,0.2,11
0,0,14,0.5,0.5373134328358209,-0.03731343283582089,-1,0.4,59
0,0,24,0.5048543689320388,0.456,0.048854368932038816,0,-0.1,-22
0,0,35,0.448,0.6086956521739131,-0.16069565217391307,1,-0.3,10
0,0,14,0.49606299212598426,0.38524590163934425,0.11081709048664001,1,0.5,5
0,0,51,0.5789473684210527,0.4523809523809524,0.12656641604010027,0,0.5,7
0,0,43,0.5096153846153846,0.5,0.009615384615384581,1,0.3,-24
1,1,35,0.4523809523809524,0.5441176470588235,-0.0917366946778711,0,-0.6,58
0,0,29,0.603448275862069,0.5047619047619047,0.0986863711001642,1,0.5,11
0,0,14,0.5038759689922481,0.4566929133858268,0.047183055606421276,-1,0.7,2
0,0,24,0.3821138211382114,0.44881889763779526,-0.06670507649958385,-1,-0.6,-4
0,0,39,0.6068376068376068,0.5362318840579711,0.07060572277963573,0,0.2,48
1,1,43,0.582089552238806,0.5,0.08208955223880599,0,0.4,28
0,0,0,0.4609375,0.3790322580645161,0.08190524193548387,3,0.3,4
0,0,51,0.5285714285714286,0.5777777777777777,-0.04920634920634914,2,0.1,-65
0,0,24,0.453125,0.6101694915254238,-0.15704449152542377,-2,-0.5,10
0,0,39,0.5352112676056338,0.46511627906976744,0.07009498853586632,-1,0.5,-58
0,0,0,0.376,0.5,-0.124,-1,-0.6,-5
0,0,29,0.6134453781512605,0.5735294117647058,0.0399159663865547,3,-0.1,-17
1,1,43,0.5416666666666666,0.5046728971962616,0.036993769470405,0,0.0,-35
0,0,24,0.4496124031007752,0.4961832061068702,-0.04657080300609501,0,-0.3,-2
0,0,29,0.6083333333333333,0.38095238095238093,0.22738095238095235,1,0.6,-6
0,0,24,0.4461538461538462,0.5766423357664233,-0.13048848961257714,-1,-0.6,-7
0,0,0,0.3779527559055118,0.5,-0.1220472440944882,-1,-0.5,19
0,0,14,0.6115702479338843,0.5,0.11157024793388426,1,0.5,-11
0,0,19,0.46153846153846156,0.572463768115942,-0.11092530657748045,2,0.0,-8
0,0,29,0.45038167938931295,0.6065573770491803,-0.15617569765986739,-1,-0.6,9
1,1,39,0.3828125,0.547945205479452,-0.16513270547945202,-1,-0.2,55
0,0,51,0.5755395683453237,0.5037593984962406,0.07178016984908309,-1,1.1,6
0,0,19,0.4954128440366973,0.4580152671755725,0.03739757686112477,-2,0.3,-22
0,0,39,0.5540540540540541,0.44696969696969696,0.1070843570843571,2,0.2,-58
1,1,43,0.4909090909090909,0.4621212121212121,0.028787878787878807,-2,0.2,-22
0,0,14,0.5785714285714286,0.5,0.07857142857142863,1,1.2,6
1,1,0,0.3798449612403101,0.56,-0.18015503875968997,-3,-0.3,54
1,1,43,0.6097560975609756,0.4954954954954955,0.11426060206548011,1,0.6,12
0,0,19,0.4962962962962963,0.45864661654135336,0.03764967975494293,0,0.6,2
0,0,0,0.3769230769230769,0.44360902255639095,-0.06668594563331404,1,-0.7,-3
0,0,29,0.5657894736842105,0.6048387096774194,-0.039049235993208864,3,-0.3,-48
0,0,51,0.5815602836879432,0.5,0.08156028368794321,2,0.3,29
0,0,19,0.4552238805970149,0.44776119402985076,0.007462686567164145,-1,0.3,0
0,0,14,0.504424778761062,0.5,0.004424778761061954,0,0.2,-23
0,0,51,0.5774647887323944,0.45185185185185184,0.12561293688054254,2,0.1,7
0,0,24,0.45185185185185184,0.5584415584415584,-0.10658970658970657,-1,-0.3,58
0,0,0,0.37404580152671757,0.608,-0.23395419847328242,-2,-0.7,6
1,1,43,0.5,0.45588235294117646,0.04411764705882354,0,0.0,-22
1,1,39,0.5512820512820513,0.5036496350364964,0.04763241624555492,0,-0.3,-59
1,1,0,0.3787878787878788,0.5804195804195804,-0.20163170163170163,-2,-0.1,-11
0,0,29,0.4485294117647059,0.6031746031746031,-0.15464519140989724,-1,-0.2,10
0,0,51,0.5443037974683544,0.6062992125984252,-0.061995415130070786,-1,-0.4,-48
0,0,14,0.5072463768115942,0.5043478260869565,0.0028985507246377384,-1,-0.1,23
0,0,14,0.5375,0.5107913669064749,0.026708633093525114,-3,-0.4,-59
0,0,51,0.5432098765432098,0.609375,-0.06616512345679015,-2,-0.5,-47
0,0,25,0.45255474452554745,0.6124031007751938,-0.15984835624964633,-1,-0.7,8
0,0,14,0.5365853658536586,0.5071428571428571,0.02944250871080145,-3,-0.3,-58
0,0,51,0.38345864661654133,0.5763888888888888,-0.1929302422723475,-1,0.0,-11
0,0,43,0.44525547445255476,0.5,-0.054744525547445244,-3,-0.3,21
1,1,0,0.3880597014925373,0.6153846153846154,-0.2273249138920781,-1,-0.6,4
0,0,14,0.5106382978723404,0.4492753623188406,0.06136293555349981,3,0.7,3
0,0,24,0.5724137931034483,0.4492753623188406,0.12313843078460773,-1,0.5,7
1,1,39,0.49572649572649574,0.5301204819277109,-0.03439398620121514,1,-0.1,34
0,0,35,0.5753424657534246,0.4460431654676259,0.12929930028579872,1,0.2,7
0,0,0,0.5140845070422535,0.3851851851851852,0.12889932185706832,1,0.5,7
0,0,39,0.5357142857142857,0.4460431654676259,0.0896711202466598,0,0.2,-55
0,0,25,0.6183206106870229,0.4915254237288136,0.12679518695820935,4,0.5,13
0,0,35,0.45,0.3897058823529412,0.06029411764705883,-2,0.4,4
0,0,43,0.44285714285714284,0.48739495798319327,-0.04453781512605043,0,-0.1,21
0,0,51,0.5714285714285714,0.6212121212121212,-0.04978354978354982,-3,0.2,15
0,0,0,0.38686131386861317,0.5411764705882353,-0.1543151567196221,0,-0.4,52
0,0,24,0.4397163120567376,0.5104895104895105,-0.07077319843277291,-3,-0.4,-2
1,1,25,0.6165413533834586,0.45390070921985815,0.16264064416360047,1,0.3,-8
0,0,39,0.5743243243243243,0.5465116279069767,0.027812696417347627,-1,-0.2,62
0,0,24,0.43661971830985913,0.38405797101449274,0.05256174729536639,-2,0.8,4
0,0,43,0.49166666666666664,0.5138888888888888,-0.0222222222222222,-2,0.0,-24
0,0,35,0.5402298850574713,0.4507042253521127,0.08952565970535858,0,0.6,-55
0,0,25,0.5172413793103449,0.6194029850746269,-0.10216160576428202,0,-0.4,11
0,0,51,0.45454545454545453,0.5771812080536913,-0.1226357535082368,0,-0.1,-6
0,0,43,0.48760330578512395,0.6222222222222222,-0.13461891643709828,-3,-0.6,-14
0,0,14,0.5136986301369864,0.38848920863309355,0.1252094215038928,1,0.4,7
0,0,51,0.58,0.48360655737704916,0.0963934426229508,3,0.2,28
0,0,35,0.4513888888888889,0.43356643356643354,0.017822455322455355,3,0.2,1
0,0,14,0.5102040816326531,0.625,-0.11479591836734693,-2,-0.5,11
0,0,39,0.39285714285714285,0.5340909090909091,-0.1412337662337662,0,-0.5,52
0,0,51,0.4375,0.5761589403973509,-0.13865894039735094,-2,-0.6,-7
0,0,35,0.4482758620689655,0.4878048780487805,-0.03952901597981495,0,-0.2,22
1,1,39,0.6277372262773723,0.5280898876404494,0.09964733863692288,2,0.6,48
1,1,0,0.5789473684210527,0.3971631205673759,0.18178424785367675,1,-0.1,11
0,0,14,0.43448275862068964,0.5067567567567568,-0.07227399813606716,-1,-0.5,-3
0,0,43,0.5816993464052288,0.4838709677419355,0.0978283786632933,2,0.1,29
0,0,0,0.4520547945205479,0.39436619718309857,0.057688597337449354,-1,0.5,4
0,0,39,0.5033557046979866,0.5333333333333333,-0.029977628635346698,-1,0.4,59
0,0,24,0.4383561643835616,0.6231884057971014,-0.18483224141353982,-2,-0.8,8
0,0,43,0.488,0.3986013986013986,0.0893986013986014,-2,0.4,-18
0,0,25,0.5384615384615384,0.6187050359712231,-0.08024349750968462,-1,-0.5,-48
0,0,24,0.4421768707482993,0.4489795918367347,-0.006802721088435382,1,-0.1,0
0,0,14,0.5,0.48412698412698413,0.015873015873015872,-2,0.1,24
0,0,25,0.577922077922078,0.6214285714285714,-0.04350649350649349,0,0.3,14
0,0,43,0.532608695652174,0.4881889763779528,0.04441971927422117,-1,0.2,-35
1,1,0,0.4027777777777778,0.44594594594594594,-0.04316816816816815,0,-0.7,-4
0,0,14,0.4966887417218543,0.5806451612903226,-0.08395641956846833,-3,-1.3,-4
0,0,39,0.5268817204301075,0.44594594594594594,0.08093577448416156,1,0.5,-55
0,0,25,0.6170212765957447,0.4068965517241379,0.21012472487160677,-2,0.7,-4
1,1,51,0.5769230769230769,0.5319148936170213,0.045008183306055605,0,-0.1,62
0,0,35,0.4429530201342282,0.5,-0.057046979865771785,0,-0.8,-3
1,1,0,0.4921875,0.4041095890410959,0.0880779109589041,0,0.3,-18
0,0,24,0.5263157894736842,0.4429530201342282,0.08336276933945597,-1,0.3,-54
0,0,35,0.6197183098591549,0.44,0.17971830985915488,1,0.4,-8
0,0,51,0.5032679738562091,0.5796178343949044,-0.0763498605386953,-1,-1.2,-4
1,1,25,0.6153846153846154,0.5822784810126582,0.0331061343719572,-1,-0.4,-15
0,0,11,0.5208333333333334,0.40816326530612246,0.11267006802721091,-3,0.4,-51
0,0,11,0.41216216216216217,0.6111111111111112,-0.198948948948949,2,-0.8,4
1,1,39,0.5849056603773585,0.6137931034482759,-0.028887443070917396,2,0.5,14
0,0,47,0.5875,0.6095890410958904,-0.022089041095890383,2,0.6,14
0,0,13,0.40939597315436244,0.44370860927152317,-0.03431263611716073,2,-0.4,-2
0,0,13,0.44666666666666666,0.5154639175257731,-0.06879725085910648,3,-0.2,53
0,0,46,0.4883720930232558,0.6122448979591837,-0.1238728049359279,1,-0.7,-18
0,0,47,0.5838509316770186,0.5,0.08385093167701863,2,1.3,7
0,0,13,0.4407894736842105,0.4503311258278146,-0.009541652143604085,-3,0.0,1
0,0,13,0.41333333333333333,0.6081081081081081,-0.19477477477477478,1,-0.9,2
1,1,47,0.5102040816326531,0.4967741935483871,0.013429888084265984,-1,-0.3,-57
0,0,46,0.4444444444444444,0.49230769230769234,-0.047863247863247915,-1,-0.1,23
0,0,13,0.4473684210526316,0.5864197530864198,-0.13905133203378822,-1,-0.7,-10
0,0,47,0.5050505050505051,0.41721854304635764,0.08783196200414745,-4,0.3,-52
0,0,13,0.5,0.4961832061068702,0.0038167938931297773,-1,0.0,25
0,0,47,0.5828220858895705,0.44155844155844154,0.14126364433112898,1,0.2,9
1,1,13,0.51,0.6040268456375839,-0.0940268456375839,-1,-0.6,-49
1,1,47,0.49242424242424243,0.45098039215686275,0.04144385026737968,0,0.2,-21
0,0,46,0.4144736842105263,0.5031847133757962,-0.08871102916526985,0,-0.3,-5
1,1,13,0.43870967741935485,0.6,-0.16129032258064513,1,-0.3,5
1,1,46,0.5853658536585366,0.5148514851485149,0.07051436851002169,1,0.0,63
0,0,13,0.41830065359477125,0.45454545454545453,-0.036244800950683276,-1,-0.6,-1
1,1,47,0.5878787878787879,0.48872180451127817,0.09915698336750972,1,0.0,32
1,1,47,0.5,0.6026490066225165,-0.10264900662251653,0,-0.6,7
1,1,13,0.5098039215686274,0.4358974358974359,0.07390648567119151,1,0.6,-54
0,0,46,0.42207792207792205,0.48507462686567165,-0.0629967047877496,2,-0.2,20
1,1,47,0.5031446540880503,0.43312101910828027,0.07002363497977004,2,0.9,2
1,1,13,0.45161290322580644,0.5986842105263158,-0.14707130730050938,2,-0.7,3
1,1,13,0.5145631067961165,0.48148148148148145,0.033081625314635044,2,0.1,-32
1,1,47,0.4258064516129032,0.5903614457831325,-0.16455499417022934,0,0.0,-11
1,1,46,0.4551282051282051,0.50625,-0.05112179487179486,-1,-0.4,-4
1,1,13,0.5947712418300654,0.5096153846153846,0.08515585721468077,-2,0.5,49
1,1,13,0.4230769230769231,0.4852941176470588,-0.06221719457013575,2,-0.1,20
1,1,46,0.4585987261146497,0.43037974683544306,0.028218979279206635,4,-0.1,-1
1,1,47,0.5031055900621118,0.592814371257485,-0.08970878119537329,-1,-1.4,-6
1,1,46,0.5974025974025974,0.4267515923566879,0.17065100504590947,-2,0.8,-3
1,1,13,0.48175182481751827,0.45569620253164556,0.026055622285872715,-2,0.1,-21
0,0,47,0.5,0.5047619047619047,-0.004761904761904745,0,0.4,57
1,1,13,0.5952380952380952,0.4339622641509434,0.16127583108715182,4,0.3,9
1,1,47,0.5935483870967742,0.4782608695652174,0.11528751753155675,1,0.6,17
1,1,13,0.43037974683544306,0.4375,-0.0071202531645569445,2,-0.3,-2
1,1,47,0.5030674846625767,0.4591194968553459,0.04394798780723075,0,0.3,4
0,0,13,0.48201438848920863,0.5,-0.017985611510791366,1,0.0,33
0,0,46,0.5897435897435898,0.591715976331361,-0.0019723865877712132,-3,-0.5,-13
0,0,47,0.5,0.4276729559748428,0.07232704402515722,-1,0.2,5
0,0,13,0.4409937888198758,0.5046728971962616,-0.06367910837638585,1,-0.7,54
1,1,47,0.5941176470588235,0.4785714285714286,0.11554621848739494,2,0.1,30
1,1,13,0.4625,0.5859872611464968,-0.12348726114649677,3,-0.6,3
0,0,46,0.503030303030303,0.4444444444444444,0.05858585858585863,-2,1.0,3
0,0,13,0.5,0.425,0.07500000000000001,-1,0.4,-52
0,0,47,0.45962732919254656,0.5906432748538012,-0.13101594566125463,0,-0.6,-10
0,0,13,0.5,0.5886075949367089,-0.08860759493670889,0,-0.5,8
0,0,47,0.44785276073619634,0.48226950354609927,-0.03441674280990292,3,-0.2,22
0,0,46,0.4567901234567901,0.5045871559633027,-0.04779703250651263,0,-0.1,53
0,0,13,0.422360248447205,0.5930232558139535,-0.17066300736674855,-1,-0.1,-11
0,0,47,0.4451219512195122,0.5911949685534591,-0.1460730173339469,2,-0.4,5
0,0,13,0.49700598802395207,0.4859154929577465,0.011090495066205575,-1,0.1,25
0,0,47,0.4539877300613497,0.41975308641975306,0.03423464364159662,1,0.5,1
0,0,46,0.5953757225433526,0.509090909090909,0.08628481345244354,0,0.1,63
0,0,13,0.5919540229885057,0.4233128834355828,0.16864113955292293,2,0.2,11
0,0,47,0.45121951219512196,0.5135135135135135,-0.06229400131839152,-3,-0.2,53
1,1,47,0.42073170731707316,0.5178571428571429,-0.09712543554006975,-3,-0.5,52
1,1,13,0.42424242424242425,0.5942857142857143,-0.17004329004329005,-1,-0.3,-10
0,0,27,0.5965909090909091,0.4484848484848485,0.14810606060606057,4,0.7,11
0,0,52,0.59375,0.42168674698795183,0.17206325301204817,1,0.7,-6
0,0,27,0.5,0.5132743362831859,-0.013274336283185861,-2,0.5,55
0,0,52,0.44242424242424244,0.4825174825174825,-0.04009324009324006,0,-0.3,22
0,0,27,0.5932203389830508,0.5029585798816568,0.090261759101394,0,1.5,8
0,0,27,0.45180722891566266,0.5087719298245614,-0.05696470090889877,-2,-0.3,52
0,0,52,0.4251497005988024,0.4791666666666667,-0.05401696606786427,1,0.0,23
0,0,52,0.4457831325301205,0.5900621118012422,-0.14427897927112177,0,-0.5,5
1,1,27,0.5955056179775281,0.5043478260869565,0.0911577918905716,1,0.0,63
1,1,27,0.4550898203592814,0.5,-0.044910179640718584,0,-0.2,-3
0,0,52,0.4431137724550898,0.4226190476190476,0.0204947248360422,0,0.4,-1
0,0,52,0.5925925925925926,0.4827586206896552,0.10983397190293737,1,0.5,17
1,1,27,0.5977653631284916,0.4260355029585799,0.1717298601699117,1,0.4,10
1,1,27,0.44047619047619047,0.5,-0.059523809523809534,0,-0.6,52
0,0,52,0.5950920245398773,0.49707602339181284,0.09801600114806447,2,0.6,-8
0,0,52,0.4794520547945205,0.4583333333333333,0.021118721461187207,-1,0.0,-22
0,0,27,0.5944444444444444,0.4378698224852071,0.15657462195923733,2,0.2,11
0,0,52,0.4941860465116279,0.47619047619047616,0.017995570321151733,1,0.2,25
1,1,52,0.5975609756097561,0.46153846153846156,0.1360225140712945,0,0.7,-5
1,1,27,0.4294117647058823,0.5042735042735043,-0.07486173956762193,2,-0.4,53
0,0,31,0.4411764705882353,0.4913294797687861,-0.05015300918055082,1,-0.9,-3
0,0,31,0.4588235294117647,0.4327485380116959,0.026074991400068803,0,0.4,-1
1,1,1,0.5,0.6,-0.09999999999999998,-3,-0.6,-47
0,0,1,0.4797297297297297,0.5911602209944752,-0.11143049126474547,0,0.0,-33
0,0,31,0.4942528735632184,0.43023255813953487,0.06402031542368353,-2,0.3,2
0,0,31,0.43859649122807015,0.4619883040935672,-0.023391812865497075,-3,0.2,0
0,0,1,0.6024096385542169,0.5934065934065934,0.009003045147623512,2,-0.6,-16
0,0,1,0.47651006711409394,0.4957983193277311,-0.01928825221363717,1,-0.1,30
0,0,31,0.4418604651162791,0.43352601156069365,0.00833445355558543,-2,0.3,-1
1,1,13,0.5988023952095808,0.5956284153005464,0.0031739799090343412,1,-0.7,-16
1,1,53,0.45930232558139533,0.49142857142857144,-0.032126245847176105,2,-0.1,-3
0,0,13,0.48,0.4393063583815029,0.04069364161849709,0,0.2,-23
1,1,13,0.49166666666666664,0.4367816091954023,0.05488505747126432,-3,0.3,-54
0,0,53,0.592391304347826,0.4943181818181818,0.09807312252964423,0,1.6,8
0,0,46,0.45664739884393063,0.6011904761904762,-0.14454307734654553,-2,-0.8,5
0,0,53,0.44,0.48344370860927155,-0.04344370860927155,1,-0.1,24
0,0,46,0.4367816091954023,0.48760330578512395,-0.05082169658972163,1,-0.7,53
1,1,53,0.4971751412429379,0.6035502958579881,-0.10637515461505026,-1,-0.7,8
0,0,13,0.4540229885057471,0.5891891891891892,-0.13516620068344204,-1,-0.6,-11
1,1,13,0.48026315789473684,0.48360655737704916,-0.003343399482312326,3,0.0,30
0,0,46,0.4431818181818182,0.4943820224719101,-0.05120020429009192,1,-0.2,-2
0,0,53,0.44,0.5860215053763441,-0.14602150537634412,0,-0.1,-11
0,0,13,0.477124183006536,0.45714285714285713,0.019981325863678845,0,-0.1,-22
0,0,46,0.4878048780487805,0.6058823529411764,-0.11807747489239595,-3,-0.7,-47
0,0,13,0.4972067039106145,0.4375,0.0597067039106145,1,1.0,3
0,0,53,0.6081871345029239,0.474025974025974,0.13416116047694993,2,0.6,17
0,0,46,0.5882352941176471,0.4406779661016949,0.14755732801595217,-2,0.3,10
1,1,46,0.4602272727272727,0.4406779661016949,0.0195493066255778,0,-0.3,-1
1,1,13,0.4838709677419355,0.49444444444444446,-0.010573476702508966,-2,-0.6,-56
0,0,13,0.6046511627906976,0.4438202247191011,0.16083093807159654,0,0.6,-6
0,0,46,0.4774193548387097,0.5851063829787234,-0.10768702814001374,1,-0.1,-33
0,0,53,0.48,0.4632768361581921,0.016723163841807887,-2,0.2,-52
0,0,13,0.6011560693641619,0.43820224719101125,0.16295382217315063,1,0.6,-5
0,0,46,0.4972375690607735,0.47435897435897434,0.02287859470179915,2,0.1,25
1,1,53,0.5873015873015873,0.48412698412698413,0.1031746031746032,0,0.1,63
0,0,13,0.44692737430167595,0.4606741573033708,-0.013746783001694851,1,-0.5,1
0,0,13,0.4444444444444444,0.5977011494252874,-0.15325670498084298,1,-0.5,6
1,1,46,0.46368715083798884,0.5,-0.03631284916201116,1,-0.2,-3
0,0,46,0.4419889502762431,0.5027322404371585,-0.0607432901609154,-2,-0.3,-2
0,0,13,0.6,0.5054347826086957,0.0945652173913043,-2,0.8,-9
0,0,52,0.6022727272727273,0.5027027027027027,0.09957002457002462,-2,0.9,-9
0,0,6,0.5894736842105263,0.43956043956043955,0.1499132446500867,1,0.2,8
0,0,10,0.46111111111111114,0.441340782122905,0.01977032898820613,0,-0.2,1
0,0,52,0.5,0.5,0.0,0,0.0,0
0,0,30,0.4713375796178344,0.48031496062992124,-0.008977381012086838,-1,-0.1,30
0,0,10,0.5053763440860215,0.4585635359116022,0.046812808174419296,2,0.3,5
0,0,6,0.5988700564971752,0.0,0.5988700564971752,2,0.0,176
0,0,52,0.4444444444444444,0.5026737967914439,-0.05822935234699944,0,-0.9,-7
0,0,10,0.47468354430379744,0.5863874345549738,-0.11170389025117633,-1,-0.2,-33
0,0,30,1.0,0.4426229508196721,0.5573770491803278,-1,0.0,-182
0,0,6,0.4419889502762431,0.5955056179775281,-0.15351666770128503,1,-0.5,3
0,0,10,0.5,0.4765625,0.0234375,0,0.0,-126
0,0,52,0.4779874213836478,0.46153846153846156,0.01644895984518624,1,-0.2,-23
0,0,30,0.5833333333333334,0.5053191489361702,0.07801418439716312,-1,1.5,4
0,0,10,0.44021739130434784,0.6666666666666666,-0.2264492753623188,-1,0.0,181
0,0,6,0.44505494505494503,1.0,-0.554945054945055,1,0.0,180
0,0,10,0.5921787709497207,0.4728682170542636,0.11931055389545714,1,0.8,50
0,0,30,0.5803108808290155,0.4644808743169399,0.11583000651207559,-1,0.5,10
0,0,6,0.43783783783783786,0.5079365079365079,-0.07009867009867005,-2,-0.4,-4
0,0,52,0.475,0.75,-0.275,-1,0.0,156
0,0,10,1.0,0.47692307692307695,0.523076923076923,1,0.0,-127
0,0,10,0.5888888888888889,0.4673913043478261,0.1214975845410628,-2,0.9,-4
0,0,30,0.4426229508196721,0.5773195876288659,-0.1346966368091938,2,-0.2,-11
0,0,10,0.75,0.4782608695652174,0.2717391304347826,0,0.0,-157
0,0,6,0.5052631578947369,0.48091603053435117,0.02434712736038569,1,0.7,59
0,0,6,0.6,0.5743589743589743,0.02564102564102566,3,0.0,-190
0,0,52,0.4648648648648649,0.44086021505376344,0.024004649811101453,1,0.6,-1
0,0,10,0.44565217391304346,0.48484848484848486,-0.0391963109354414,0,-0.6,52
0,0,30,0.5911602209944752,0.8,-0.20883977900552486,-3,0.0,176
0,0,6,0.47530864197530864,0.5026178010471204,-0.02730915907181175,1,-0.2,-29
0,0,10,0.46774193548387094,0.6666666666666666,-0.1989247311827957,0,0.0,180
0,0,6,0.44324324324324327,0.4385026737967914,0.004740569446451848,0,0.2,-2
0,0,10,0.5714285714285714,0.5879120879120879,-0.016483516483516536,-1,0.6,14
0,0,52,0.4785276073619632,0.44148936170212766,0.037038245659835545,1,0.0,-25
1,1,10,0.8333333333333334,0.5,0.33333333333333337,2,0.0,-186
0,0,6,0.47058823529411764,0.48872180451127817,-0.018133569217160528,0,-0.3,54
0,0,52,0.5714285714285714,0.5685279187817259,0.0029006526468454696,3,0.1,-190
0,0,52,0.44086021505376344,0.5901639344262295,-0.14930371937246606,0,-0.4,3
0,0,30,0.4817073170731707,0.46808510638297873,0.013622210690191983,0,-0.3,-24
0,0,52,0.4925373134328358,0.8571428571428571,-0.3646055437100213,1,0.1,127
0,0,52,0.49740932642487046,0.43915343915343913,0.05825588727143133,-1,0.3,4
0,0,30,0.625,0.44385026737967914,0.18114973262032086,1,0.0,-179
1,1,6,0.4656084656084656,0.875,-0.4093915343915344,-2,0.0,181
0,0,10,0.48484848484848486,0.5656565656565656,-0.08080808080808077,4,-0.1,-33
1,1,52,0.6666666666666666,0.4421052631578947,0.2245614035087719,0,0.1,-181
0,0,30,0.5869565217391305,0.4888888888888889,0.09806763285024162,-2,0.7,49
0,0,52,0.4819277108433735,0.4948453608247423,-0.012917649981368795,3,-0.1,-28
1,1,10,0.8888888888888888,0.44148936170212766,0.4473995271867612,3,0.1,-179
0,0,30,0.4631578947368421,0.5891891891891892,-0.12603129445234706,-1,-1.0,5
0,0,6,0.4397905759162304,0.4852941176470588,-0.045503541730828434,-1,-0.2,55
0,0,6,0.5678391959798995,0.8,-0.23216080402010053,-3,0.0,189
1,1,52,0.4444444444444444,0.47904191616766467,-0.03459747172322025,-1,-0.3,22
0,0,30,0.7,0.49743589743589745,0.2025641025641025,3,0.0,-185
1,1,52,0.46596858638743455,0.48175182481751827,-0.015783238430083724,0,-0.4,54
0,0,10,0.5860215053763441,0.4427083333333333,0.1433131720430108,-1,0.6,-6
0,0,10,0.49489795918367346,0.57,-0.07510204081632649,-1,-1.4,-4
1,1,30,0.7272727272727273,0.7272727272727273,0.0,-1,0.1,0
0,0,10,0.48214285714285715,0.44041450777202074,0.041728349370836415,1,0.1,-25
0,0,52,0.5882352941176471,0.5671641791044776,0.021071115013169495,1,-0.5,-14
0,0,6,0.4421052631578947,0.46875,-0.026644736842105277,0,0.3,-2
1,1,30,0.49746192893401014,0.4782608695652174,0.01920105936879274,1,0.6,59
1,1,52,0.5851063829787234,0.75,-0.16489361702127658,-1,-0.1,176
1,1,6,0.47928994082840237,0.6666666666666666,-0.18737672583826426,-2,0.1,157
0,0,10,0.44329896907216493,0.44502617801047123,-0.0017272089383063016,0,-0.1,3
0,0,52,0.4748201438848921,0.5693069306930693,-0.09448678680817718,-3,-0.2,-63
1,1,10,0.6153846153846154,0.5,0.11538461538461542,0,0.1,-185
1,1,52,0.7692307692307693,0.46632124352331605,0.3029095257074532,1,0.1,-180
1,1,6,0.582010582010582,0.4823529411764706,0.09965764083411138,0,0.5,19
0,0,52,0.4461538461538462,0.5665024630541872,-0.12034861690034099,0,-0.1,-8
1,1,52,0.4785714285714286,0.4427083333333333,0.03586309523809528,-1,0.7,-52
0,0,15,0.4853801169590643,0.7142857142857143,-0.22890559732665,1,-0.1,157
0,0,15,0.4690721649484536,0.6428571428571429,-0.1737849779086893,0,0.1,180
0,0,31,0.4717948717948718,0.48255813953488375,-0.010763267740011961,1,0.2,23
1,1,31,0.48554913294797686,0.7333333333333333,-0.24778420038535642,0,-0.2,158
0,0,31,0.5789473684210527,0.75,-0.17105263157894735,-3,-0.2,174
0,0,37,0.44559585492227977,0.49748743718592964,-0.05189158226364987,0,-1.0,-6
0,0,4,0.6,0.44387755102040816,0.15612244897959182,-1,0.2,-181
0,0,41,0.4827586206896552,0.475177304964539,0.007581315725116167,2,0.0,33
0,0,23,0.5686274509803921,0.46938775510204084,0.0992396958783513,0,0.4,8
0,0,27,0.5759162303664922,0.625,-0.0490837696335078,-1,-0.1,175
0,0,1,0.4416243654822335,0.7647058823529411,-0.32308151687070763,-2,-0.1,180
0,0,3,0.4484536082474227,0.4857142857142857,-0.03726067746686301,0,-0.4,19
0,0,15,0.495,0.4720812182741117,0.022918781725888293,-1,0.2,3
1,1,4,0.47183098591549294,0.5882352941176471,-0.11640430820215414,-1,-0.1,125
0,0,3,0.48295454545454547,0.4393939393939394,0.04356060606060608,0,0.0,-22
0,0,52,0.5658536585365853,0.578125,-0.012271341463414687,1,0.6,13
1,1,31,0.7777777777777778,0.4975124378109453,0.2802653399668325,1,0.1,-183
0,0,41,0.4512820512820513,0.46853146853146854,-0.017249417249417254,3,-0.6,52
0,0,23,0.4696969696969697,0.6111111111111112,-0.14141414141414144,0,0.2,180
0,0,1,0.4371859296482412,0.5631067961165048,-0.12592086646826361,-1,-0.2,-7
0,0,27,0.4858757062146893,0.5803108808290155,-0.09443517461432621,1,-0.4,-16
0,0,37,0.4489795918367347,0.7368421052631579,-0.28786251342642316,-1,0.0,177
0,0,15,0.4722222222222222,0.5,-0.02777777777777779,-1,-0.7,-58
0,0,23,0.46733668341708545,0.435,0.032336683417085454,2,0.7,-1
0,0,4,0.631578947368421,0.4467005076142132,0.1848784397542078,0,0.1,-178
0,0,52,0.4975369458128079,0.5652173913043478,-0.0676804454915399,0,-1.3,-4
0,0,31,0.75,0.4887640449438202,0.2612359550561798,1,0.3,-158
0,0,23,0.5773195876288659,0.47,0.10731958762886595,0,0.9,-6
0,0,41,0.5673076923076923,0.47586206896551725,0.09144562334217504,1,0.1,63
0,0,44,0.6,0.49162011173184356,0.10837988826815642,-1,-0.2,-159
0,0,37,0.46766169154228854,0.4494949494949495,0.018166742047339035,-1,-0.4,3
0,0,1,0.4950980392156863,0.43283582089552236,0.06226221832016393,2,0.2,3
0,0,27,0.4726027397260274,0.5794871794871795,-0.10688443976115214,-1,-0.8,-49
1,1,4,0.7142857142857143,0.6190476190476191,0.09523809523809523,0,0.2,0
0,0,52,0.4472361809045226,0.569377990430622,-0.12214180952609938,-1,-0.1,-10
0,0,23,0.47029702970297027,0.4888888888888889,-0.018591859185918602,-1,0.1,22
0,0,15,0.5816326530612245,0.4926829268292683,0.08894972623195618,2,0.8,-9
1,1,41,0.43564356435643564,0.46938775510204084,-0.033744190745605196,-1,-0.1,55
0,0,31,0.7272727272727273,0.5666666666666667,0.16060606060606064,0,-0.1,-188
0,0,23,0.49029126213592233,0.4729064039408867,0.017384858195035657,-2,0.3,3
1,1,44,0.4861878453038674,0.583756345177665,-0.09756849987379757,-1,-0.3,-16
0,0,37,0.5909090909090909,0.45,0.14090909090909093,1,0.0,-178
0,0,15,0.4927536231884058,0.7391304347826086,-0.24637681159420283,-2,0.0,184
1,1,1,0.46621621621621623,0.43842364532019706,0.027792570896019164,0,0.0,-55
1,1,27,0.5808080808080808,0.44776119402985076,0.13304688677823,1,0.3,-3
1,1,52,0.489010989010989,0.5639810426540285,-0.07497005364303949,0,-0.2,-29
1,1,4,0.47058823529411764,0.6086956521739131,-0.13810741687979544,0,0.1,181
1,1,31,0.4362745098039216,0.75,-0.3137254901960784,-2,-0.2,180
0,0,37,0.4504950495049505,0.5660377358490566,-0.11554268634410608,0,0.0,-10
1,1,41,0.49038461538461536,0.4697986577181208,0.02058595766649457,-1,0.6,59
1,1,44,0.48633879781420764,0.72,-0.23366120218579234,-1,-0.2,158
0,0,27,0.568075117370892,0.5778894472361809,-0.009814329865288851,0,0.5,14
1,1,1,0.47317073170731705,0.43902439024390244,0.03414634146341461,0,0.8,0
0,0,31,0.7307692307692307,0.5833333333333334,0.14743589743589736,2,0.3,2
1,1,44,0.483695652173913,0.4666666666666667,0.017028985507246353,0,0.1,34
1,1,15,0.4482758620689655,0.49282296650717705,-0.04454710443821153,0,-0.9,-6
0,0,52,0.470873786407767,0.5654205607476636,-0.09454677433989656,1,-0.3,-8
1,1,27,0.58,0.441747572815534,0.13825242718446595,-1,0.7,-6
0,0,15,0.49523809523809526,0.4810810810810811,0.014157014157014147,2,0.2,25
0,0,52,0.5674418604651162,0.7407407407407407,-0.17329888027562446,-1,0.0,188
1,1,41,0.47019867549668876,0.56,-0.0898013245033113,0,-0.2,126
0,0,1,0.44607843137254904,0.4396135265700483,0.006464904802500726,-1,0.0,-3
1,1,44,0.46859903381642515,0.4838709677419355,-0.01527193392551035,0,0.2,21
1,1,27,0.582089552238806,0.4928909952606635,0.0891985569781425,0,0.9,-10
0,0,31,0.7142857142857143,0.46710526315789475,0.24718045112781956,1,0.0,-124
0,0,4,0.5769230769230769,0.5694444444444444,0.007478632478632452,-2,0.2,-190
0,0,18,0.4375,0.44878048780487806,-0.011280487804878059,0,-0.1,3
0,0,41,0.46405228758169936,0.47115384615384615,-0.007101558572146782,0,0.3,-55
0,0,18,0.44660194174757284,0.48128342245989303,-0.03468148071232019,1,-0.3,19
1,1,1,0.5792079207920792,0.44019138755980863,0.13901653323227053,-1,0.8,-7
0,0,15,0.5925925925925926,0.49528301886792453,0.09730957372466803,0,0.2,-185
0,0,52,0.461038961038961,0.5668202764976958,-0.10578131545873481,-2,-0.2,-63
0,0,23,0.47368421052631576,0.7241379310344828,-0.250453720508167,0,0.0,180
0,0,27,0.5812807881773399,0.7333333333333333,-0.15205254515599342,-1,-0.3,173
1,1,27,0.5688073394495413,0.6071428571428571,-0.03833551769331578,0,-0.3,190
0,0,31,0.7096774193548387,0.5707762557077626,0.13890116364707616,-1,-0.1,-188
0,0,31,0.71875,0.5833333333333334,0.13541666666666663,-1,0.2,-172
0,0,28,0.4380952380952381,0.4444444444444444,-0.006349206349206327,1,0.0,3
0,0,15,0.49295774647887325,0.45806451612903226,0.03489323034984099,2,0.7,58
1,1,44,0.48404255319148937,0.5862068965517241,-0.10216434336023472,-1,0.1,159
0,0,31,0.696969696969697,0.5681818181818182,0.12878787878787878,0,0.0,-187
0,0,27,0.5853658536585366,0.7058823529411765,-0.12051649928263997,1,-0.1,171
0,0,41,0.4551282051282051,0.5656108597285068,-0.11048265460030166,-2,-0.3,-65
0,0,44,0.48677248677248675,0.43601895734597157,0.050753529426515176,2,0.1,-22
1,1,4,0.5666666666666667,0.44711538461538464,0.11955128205128202,1,0.1,-178
1,1,31,0.4585987261146497,0.6857142857142857,-0.22711555959963603,-1,-0.1,122
1,1,12,0.4339622641509434,0.587378640776699,-0.15341637662575558,-3,-0.9,6
0,0,52,0.5630630630630631,0.48947368421052634,0.07358937885253675,-2,0.3,32
1,1,12,0.4953271028037383,0.43661971830985913,0.05870738449387919,1,0.1,1
0,0,31,0.6944444444444444,0.4449760765550239,0.2494683678894205,1,0.1,-173
0,0,41,0.5845410628019324,0.45569620253164556,0.12884486027028685,3,0.9,49
0,0,52,0.5605381165919282,0.43457943925233644,0.12595867733959176,0,0.3,9
1,1,4,0.5806451612903226,0.6756756756756757,-0.09503051438535304,1,-0.4,-6
0,0,27,0.49767441860465117,0.5817307692307693,-0.0840563506261181,0,-0.8,7
0,0,28,0.4591194968553459,0.44761904761904764,0.011500449236298282,0,0.7,-51
0,0,44,0.49214659685863876,0.6578947368421053,-0.16574813998346655,2,-0.3,153
1,1,4,0.59375,0.4325581395348837,0.1611918604651163,2,0.3,-183
0,0,28,0.44549763033175355,0.4895833333333333,-0.04408570300157977,-2,-0.4,19
0,0,15,0.5757575757575758,0.49537037037037035,0.08038720538720545,-1,0.3,-183
0,0,52,0.583732057416268,0.5625,0.02123205741626799,2,-0.4,-15
0,0,15,0.4976958525345622,0.49222797927461137,0.005467873259950851,-1,0.1,24
0,0,31,0.6666666666666666,0.4351851851851852,0.23148148148148145,0,0.1,-177
0,0,28,0.56,0.44339622641509435,0.1166037735849057,-1,0.1,13
0,0,4,0.5857142857142857,0.5588235294117647,0.026890756302521024,1,0.0,176
0,0,1,0.4625,0.4377880184331797,0.024711981566820307,0,0.1,-57
1,1,28,0.4413145539906103,0.65,-0.2086854460093897,-1,0.0,173
1,1,44,0.5619469026548672,0.4948453608247423,0.06710154183012496,-2,0.2,32
0,0,27,0.5829383886255924,0.5714285714285714,0.011509817197021044,-1,-0.1,176
0,0,1,0.43577981651376146,0.6585365853658537,-0.22275676885209222,0,0.0,177
0,0,15,0.4954128440366973,0.4392523364485981,0.05616050758809915,2,1.0,4
0,0,1,0.4383561643835616,0.5594713656387665,-0.12111520125520492,1,-0.4,-8
0,0,4,0.5833333333333334,0.49743589743589745,0.08589743589743593,-1,-0.2,-159
0,0,27,0.5801886792452831,0.4658385093167702,0.11435016992851288,-2,0.8,51
1,1,15,0.4409090909090909,0.4931506849315068,-0.052241594022415905,2,-0.2,1
0,0,4,0.5570175438596491,0.5675675675675675,-0.010550023707918466,0,-0.2,191
0,0,27,0.5821596244131455,0.4418604651162791,0.14029915929686643,2,0.2,-2
1,1,41,0.46296296296296297,0.5,-0.037037037037037035,-1,0.0,-34
0,0,52,0.4954545454545455,0.5545851528384279,-0.05913060738388243,1,-1.4,-9
0,0,18,0.5794392523364486,0.4444444444444444,0.13499480789200413,0,0.1,-2
0,0,4,0.497737556561086,0.5789473684210527,-0.08120981185996667,0,-0.2,183
0,0,52,0.4662576687116564,0.5521739130434783,-0.08591624433182188,3,-0.2,-67
0,0,1,0.43891402714932126,0.49746192893401014,-0.05854790178468888,-1,-0.2,24
1,1,41,0.5641025641025641,0.4634146341463415,0.10068792995622261,0,0.3,-125
0,0,31,0.6428571428571429,0.5813953488372093,0.06146179401993357,0,0.0,-173
0,0,15,0.5,0.5541125541125541,-0.05411255411255411,2,-1.3,-9
1,1,27,0.494949494949495,0.5787037037037037,-0.08375420875420875,1,-0.2,-18
0,0,1,0.44144144144144143,0.55,-0.10855855855855862,1,-0.2,182
1,1,3,0.49246231155778897,0.4423963133640553,0.05006599819373364,0,0.5,-18
0,0,52,0.5365853658536586,0.5517241379310345,-0.015138772077375906,0,0.3,-191
1,1,41,0.44495412844036697,0.4666666666666667,-0.021712538226299705,0,-0.8,53
1,1,31,0.46987951807228917,0.5022421524663677,-0.03236263439407855,-1,-0.8,-57
0,0,27,0.46706586826347307,0.49,-0.02293413173652692,2,0.1,-33
1,1,27,0.47023809523809523,0.5044642857142857,-0.034226190476190466,-2,-0.9,-56
